Feature,Coefficient,AbsoluteCoefficient
categorical__OverTime_Yes,1.6235676161150732,1.6235676161150732
categorical__BusinessTravel_Travel_Frequently,1.598903834458389,1.598903834458389
categorical__JobRole_Laboratory Technician,1.5697222931984054,1.5697222931984054
categorical__JobRole_Sales Representative,1.276684076548636,1.276684076548636
categorical__JobRole_Research Director,-1.1172173765685889,1.1172173765685889
categorical__EducationField_Other,-1.0276358539131454,1.0276358539131454
categorical__BusinessTravel_Travel_Rarely,0.9069326623824526,0.9069326623824526
categorical__MaritalStatus_Single,0.8647515426535964,0.8647515426535964
categorical__JobRole_Human Resources,0.6457745793826059,0.6457745793826059
numerical__TotalWorkingYears,-0.6155352283321183,0.6155352283321183
numerical__JobLevel,0.5472440460466644,0.5472440460466644
numerical__YearsSinceLastPromotion,0.49174303223743776,0.49174303223743776
numerical__NumCompaniesWorked,0.4591907192520959,0.4591907192520959
categorical__EducationField_Life Sciences,-0.4580091920245285,0.4580091920245285
numerical__YearsWithCurrManager,-0.442251302793152,0.442251302793152
numerical__EnvironmentSatisfaction,-0.4138868600798744,0.4138868600798744
categorical__EducationField_Medical,-0.40774058492765186,0.40774058492765186
categorical__Department_Sales,0.4076729855451267,0.4076729855451267
categorical__Department_Research & Development,-0.40555932657767063,0.40555932657767063
numerical__JobSatisfaction,-0.3899875755326818,0.3899875755326818
categorical__MaritalStatus_Married,0.33495926383388525,0.33495926383388525
numerical__DistanceFromHome,0.31582435299097916,0.31582435299097916
categorical__JobRole_Research Scientist,0.313142406868671,0.313142406868671
categorical__Gender_Male,0.3112375005700493,0.3112375005700493
numerical__JobInvolvement,-0.2837735078976156,0.2837735078976156
numerical__Age,-0.2741214116505522,0.2741214116505522
numerical__YearsAtCompany,0.24953635451634848,0.24953635451634848
numerical__MonthlyIncome,-0.24533464758376583,0.24533464758376583
numerical__RelationshipSatisfaction,-0.2445413029244456,0.2445413029244456
numerical__PercentSalaryHike,-0.23965036587943772,0.23965036587943772
numerical__YearsInCurrentRole,-0.2348292469231629,0.2348292469231629
numerical__DailyRate,-0.2257307490077337,0.2257307490077337
numerical__WorkLifeBalance,-0.22230993653466055,0.22230993653466055
numerical__StockOptionLevel,-0.21679057400645874,0.21679057400645874
categorical__EducationField_Marketing,-0.20288720077111877,0.20288720077111877
numerical__TrainingTimesLastYear,-0.16073856633494774,0.16073856633494774
numerical__PerformanceRating,0.14507255907396557,0.14507255907396557
categorical__JobRole_Manufacturing Director,0.1327951667625733,0.1327951667625733
categorical__JobRole_Sales Executive,0.10817564392450782,0.10817564392450782
categorical__EducationField_Technical Degree,0.10586068389781883,0.10586068389781883
categorical__JobRole_Manager,-0.0806998399988938,0.0806998399988938
numerical__HourlyRate,-0.05084826091709455,0.05084826091709455
numerical__MonthlyRate,0.025516874812264893,0.025516874812264893
numerical__Education,0.017676500504361238,0.017676500504361238
