FalsePositiveRate,TruePositiveRate,Threshold
0.0,0.0,inf
0.0,0.02127659574468085,0.9907549721898699
0.0,0.2765957446808511,0.8818692001981975
0.02834008097165992,0.2765957446808511,0.8393216041347371
0.02834008097165992,0.2978723404255319,0.836669324695681
0.03643724696356275,0.2978723404255319,0.8338172765088026
0.03643724696356275,0.3191489361702128,0.8187596164205654
0.04048582995951417,0.3191489361702128,0.8180880959789462
0.04048582995951417,0.3404255319148936,0.8108824028157842
0.044534412955465584,0.3404255319148936,0.8002698278937989
0.044534412955465584,0.3829787234042553,0.7911687916051512
0.05668016194331984,0.3829787234042553,0.7531371351649323
0.05668016194331984,0.40425531914893614,0.7429760733802706
0.06072874493927125,0.40425531914893614,0.7419593482092351
0.06072874493927125,0.425531914893617,0.7412672080909664
0.0728744939271255,0.425531914893617,0.7271641832414131
0.0728744939271255,0.44680851063829785,0.7245985087146506
0.10121457489878542,0.44680851063829785,0.6854802203072137
0.10121457489878542,0.5106382978723404,0.6657040868928018
0.10526315789473684,0.5106382978723404,0.6590051722473724
0.10526315789473684,0.5319148936170213,0.6424671916414969
0.11336032388663968,0.5319148936170213,0.6327181906940121
0.11336032388663968,0.5531914893617021,0.63008061871422
0.12955465587044535,0.5531914893617021,0.6096394173742932
0.12955465587044535,0.574468085106383,0.6015025125406457
0.13360323886639677,0.574468085106383,0.5922258151763095
0.13360323886639677,0.5957446808510638,0.5921689505249207
0.145748987854251,0.5957446808510638,0.5843160231620559
0.145748987854251,0.6170212765957447,0.5825203960839933
0.21862348178137653,0.6170212765957447,0.524484133093726
0.21862348178137653,0.6595744680851063,0.5165245849603426
0.23481781376518218,0.6595744680851063,0.49101779978093196
0.23481781376518218,0.7021276595744681,0.46539236821368263
0.24696356275303644,0.7021276595744681,0.4588371630331255
0.24696356275303644,0.723404255319149,0.45555470818771826
0.2591093117408907,0.723404255319149,0.44429626559910956
0.2591093117408907,0.7446808510638298,0.43628133590192275
0.26720647773279355,0.7446808510638298,0.4322585128890335
0.26720647773279355,0.7872340425531915,0.4275915464383246
0.27530364372469635,0.7872340425531915,0.41447462094087656
0.27530364372469635,0.8085106382978723,0.4123470562338631
0.4331983805668016,0.8085106382978723,0.26946577178369746
0.4331983805668016,0.8297872340425532,0.269171588677443
0.4574898785425101,0.8297872340425532,0.249677190911019
0.4574898785425101,0.851063829787234,0.2460420697035574
0.5222672064777328,0.851063829787234,0.2266210092032018
0.5222672064777328,0.8723404255319149,0.2247394303557199
0.5587044534412956,0.8723404255319149,0.2080251330083612
0.5587044534412956,0.8936170212765957,0.20570693328004058
0.5789473684210527,0.8936170212765957,0.1847286777884217
0.5789473684210527,0.9148936170212766,0.18461247534212633
0.6639676113360324,0.9148936170212766,0.13299315923629762
0.6639676113360324,0.9361702127659575,0.12834159662771355
0.6680161943319838,0.9361702127659575,0.127715489553857
0.6680161943319838,0.9574468085106383,0.12767410047590874
0.8340080971659919,0.9574468085106383,0.05632454182601716
0.8340080971659919,0.9787234042553191,0.055305342549278186
0.979757085020243,0.9787234042553191,0.01023349876586797
0.979757085020243,1.0,0.00826300954569387
1.0,1.0,0.003488415401414868
